"","baseMean","log2FoldChange","lfcSE","stat","pvalue","padj","gene"
"Prex2",3.41532070669838,1.78320275688386,0.86872623419419,2.05266364326838,0.0401052104311548,0.999789643489582,"Prex2"
"Tram1",318.969277960753,-0.220784896006371,0.103884256519676,-2.12529697379653,0.0335618406358177,0.999789643489582,"Tram1"
"Rims1",2.0140755553048,3.96635669570859,1.31623993061333,3.01339945967175,0.00258338625151927,0.504372744909293,"Rims1"
"Unc50",152.064642113936,-0.312947843407057,0.147301352339558,-2.12454154993535,0.0336248855120198,0.999789643489582,"Unc50"
"Pantr1",7.66942655056287,1.2950637583052,0.5551451710795,2.33283801386024,0.0196566486976582,0.999789643489582,"Pantr1"
"Ecrg4",103.349855811827,0.859426150157841,0.208245524337337,4.12698497551215,3.67550397254646e-05,0.0196165203954133,"Ecrg4"
"Igfbp2",34.5620828194502,1.15035419287424,0.265338573236275,4.33542013452333,1.45481988956742e-05,0.010940906851315,"Igfbp2"
"Igfbp5",1.9765069965631,4.04372675911408,1.33218689661864,3.03540499413249,0.00240212889683713,0.484673446319149,"Igfbp5"
"Cdk5r2",1.23840456632491,3.93217074824353,1.59456476262283,2.46598372196289,0.0136637543565957,0.999789643489582,"Cdk5r2"
"Cul3",113.877511370165,-0.534231658877288,0.187354296253773,-2.85145133877083,0.00435201469301795,0.698931133434696,"Cul3"
"Efhd1",2.46002780843475,2.39615365873218,1.16665849539196,2.05386037833389,0.0399892071187684,0.999789643489582,"Efhd1"
"Kif1a",10.6319345021086,2.34188206239381,0.534422284862782,4.38208160237014,1.17550761849273e-05,0.0097243867739811,"Kif1a"
"Epb41l5",6.44902606277004,1.71380094672175,0.61957350635793,2.76609785462918,0.00567315084333952,0.767524475039468,"Epb41l5"
"Dbi",232.454075748817,0.462918520222244,0.120265152751735,3.84914923093186,0.000118528783532388,0.0490264680885841,"Dbi"
"Ddx18",108.439642605781,-0.315888013057611,0.150886156533043,-2.09355198857116,0.036299908275274,0.999789643489582,"Ddx18"
"Prelp",5.28961250636961,1.81999012724121,0.679627211257717,2.67792415767629,0.0074079990317512,0.892882615757608,"Prelp"
"Btg2",253.564765462083,0.412172857824951,0.12461704702953,3.3075158467467,0.000941273861901373,0.247196445161242,"Btg2"
"Gpr37l1",8.14491239851943,1.22795392958638,0.602251265317308,2.0389395594535,0.0414560601031201,0.999789643489582,"Gpr37l1"
"Csrp1",14.2231861435404,1.04817627220133,0.418237356322224,2.50617563533416,0.012204497916786,0.999789643489582,"Csrp1"
"Ptprc",388.516854498014,-0.26080671658003,0.0959014532096772,-2.71952830589342,0.00653750993802985,0.824683356669338,"Ptprc"
"Rgs1",53.6412481962651,0.616936888565934,0.260881789511229,2.36481392481164,0.018039131817919,0.999789643489582,"Rgs1"
"Prdx6",48.0953948095804,0.682541718271075,0.223491825271026,3.05398963672772,0.00225819881474087,0.481328859140534,"Prdx6"
"F5",7.93471746534731,1.25052465783633,0.536280941578693,2.33184616659145,0.0197087853472723,0.999789643489582,"F5"
"Atp1b1",25.6319816839224,1.26661022323457,0.32051183991885,3.95183598694906,7.75538887481894e-05,0.0356424747038554,"Atp1b1"
"Tmco1",328.969134143084,-0.346045909299659,0.113363509600034,-3.05253348736794,0.00226918410474232,0.481328859140534,"Tmco1"
"Fcgr2b",201.939559879931,-0.255940606856476,0.117030143746487,-2.18696310764942,0.0287452173001152,0.999789643489582,"Fcgr2b"
"Pcp4l1",16.7387438292147,1.19340149283096,0.4142200044419,2.8810812612464,0.00396313448799517,0.662323839433132,"Pcp4l1"
"Atp1a2",42.0793353076392,1.33411158957374,0.302500062372132,4.41028533717301,1.03234498518624e-05,0.00898955146310857,"Atp1a2"
"Kcnj10",7.03284041763446,1.32047608363183,0.602597695443476,2.19130622904231,0.0284296396045502,0.999789643489582,"Kcnj10"
"Hnrnpu",454.967856669332,-0.190438769649804,0.0941551689548361,-2.022605575071,0.0431138289566434,0.999789643489582,"Hnrnpu"
"Hsd11b1",2.01368966658102,3.38973405452133,1.2750201124648,2.65857300711005,0.00784723467174663,0.914313363690478,"Hsd11b1"
"Itih5",2.12945939732651,3.17887117877122,1.334240735149,2.38253194871631,0.0171940399347593,0.999789643489582,"Itih5"
"Ptgds",91.3338357994611,0.955291858656096,0.439718669256605,2.17250693556206,0.0298174470794669,0.999789643489582,"Ptgds"
"Dipk1b",4.08505854643525,1.59457036706683,0.794588995060894,2.00678637255054,0.0447724145066242,0.999789643489582,"Dipk1b"
"Olfm1",5.88448270462338,1.48205868353089,0.675937659384413,2.19259670319394,0.0283364488715266,0.999789643489582,"Olfm1"
"Rpl12",1634.84707622586,0.177000821853144,0.0784917812583283,2.25502363452051,0.0241318453212182,0.999789643489582,"Rpl12"
"Lhx2",2.38921254976568,2.57179862767072,1.15869880806814,2.2195574982584,0.0264488200658248,0.999789643489582,"Lhx2"
"Kif5c",8.47637964665759,2.08157859897987,0.590892802716261,3.52276857902332,0.000427064087081418,0.144199496342083,"Kif5c"
"Rbms1",28.0892269390646,0.694619383141761,0.292697909935774,2.37316140485656,0.0176365550763286,0.999789643489582,"Rbms1"
"Slc4a10",9.25828151232328,1.76134251098243,0.565439640739762,3.11499651612342,0.00183947082450961,0.428648518190303,"Slc4a10"
"Stk39",12.7615488586106,0.987788710955178,0.419281393450159,2.35590876768205,0.0184774551110092,0.999789643489582,"Stk39"
"Rapgef4",11.5399387196029,1.38431733259937,0.472009894171992,2.93281422633684,0.00335904817823868,0.609550176244307,"Rapgef4"
"Fam171b",5.15672564402838,2.30305908755655,0.764505773145203,3.01248096280775,0.00259121688227803,0.504372744909293,"Fam171b"
"Tspan18",40.9186016115331,-0.603119220773671,0.280764775475971,-2.14812994169665,0.0317034342309893,0.999789643489582,"Tspan18"
"Slc1a2",94.5408568045316,2.69496874246152,0.378683925559543,7.11667055441932,1.10565337269749e-12,2.61329072161142e-09,"Slc1a2"
"Pdia3",920.17354445188,-0.246461138953499,0.104617040767222,-2.35584123911407,0.0184808142539696,0.999789643489582,"Pdia3"
"Fahd2a",10.7096641088181,1.20399328362101,0.469955300142368,2.56193149275319,0.0104091848736549,0.999789643489582,"Fahd2a"
"Prnp",13.4877870158443,1.22768845463986,0.42882517325478,2.86291134758185,0.00419767993575222,0.687629846901193,"Prnp"
"BC029722",32.798234093457,0.559282229058574,0.267786707267683,2.0885361889883,0.0367494944814535,0.999789643489582,"BC029722"
"Myl9",4.64771399940622,1.46692066749126,0.701416827796155,2.09136794179905,0.0364950936444753,0.999789643489582,"Myl9"
"Soga1",115.961161205868,0.385944073645303,0.160323423237391,2.40728438709691,0.0160716492270729,0.999789643489582,"Soga1"
"Nnat",14.6325388645822,1.25690196431928,0.413034188453997,3.04309425092366,0.00234158981016945,0.484270042615669,"Nnat"
"Dbndd2",56.0366716523527,0.518709094856886,0.218567185840949,2.37322493246698,0.0176335217483443,0.999789643489582,"Dbndd2"
"Pltp",18.2303577794372,0.832804024877168,0.383235307783551,2.17308793830534,0.0297736993450281,0.999789643489582,"Pltp"
"Ncoa3",149.649782047003,-0.367717983519296,0.140480984337935,-2.61756411554414,0.00885598493919672,0.970346164364303,"Ncoa3"
"Dpm1",128.712753548412,-0.306233516379462,0.142753334467282,-2.14519343819355,0.0319373840412104,0.999789643489582,"Dpm1"
"Zfp217",61.41605376009,-0.433231537429678,0.199124002357187,-2.17568717131625,0.0295786601063709,0.999789643489582,"Zfp217"
"Bcas1",31.6996305821583,2.53021796816592,0.618013741014002,4.0941128008165,4.23787969210092e-05,0.0219111623455656,"Bcas1"
"Pmepa1",1336.02069781943,-0.364006896475074,0.0879561808524679,-4.13850275156485,3.49579680947811e-05,0.0196165203954133,"Pmepa1"
"Lama5",1.789573857017,2.87667572463632,1.31261582231282,2.19155953763199,0.0284113262951714,0.999789643489582,"Lama5"
"Col9a3",24.6140893337894,0.934195148113141,0.34378156393054,2.71740909382183,0.00657952270053506,0.824683356669338,"Col9a3"
"Fabp5",20.6053403822271,1.0518132553663,0.372420841382273,2.82425991913449,0.00473899367765912,0.712787730880637,"Fabp5"
"Car2",37.3587206869147,0.889547545503421,0.287693598903071,3.09199630751299,0.00198815322206121,0.446605395035868,"Car2"
"Sox2ot",8.06320864036471,1.46522990999891,0.559570440482024,2.61849054917328,0.00883197380356818,0.970346164364303,"Sox2ot"
"Dclk1",7.64288811604787,1.24891416060486,0.561775737635952,2.22315432464296,0.0262053955491544,0.999789643489582,"Dclk1"
"Mbnl1",834.959796379671,-0.185069543816392,0.0917057992826592,-2.01807895753641,0.0435830388022691,0.999789643489582,"Mbnl1"
"Fbxw7",40.7875871263327,0.492064842648022,0.234408628623499,2.09917546780398,0.0358014357306575,0.999789643489582,"Fbxw7"
"Bcan",11.8280810195464,1.23148801882337,0.519303756035321,2.37142135890811,0.0177198171235632,0.999789643489582,"Bcan"
"AW047730",3.78389496941424,2.18345970273233,0.813871296402957,2.68280711260183,0.00730070847311581,0.888163394762508,"AW047730"
"Pbxip1",134.958609308768,0.347528559233035,0.146690713452898,2.36912447320413,0.0178302515873224,0.999789643489582,"Pbxip1"
"S100a1",42.2349701548916,0.608528751464114,0.249825414585565,2.43581603766615,0.0148582388179674,0.999789643489582,"S100a1"
"Psmb4",168.56928923676,0.293914871649998,0.135801759549512,2.16429354542228,0.0304418277908321,0.999789643489582,"Psmb4"
"Ctss",6691.23762378132,-0.207013217518841,0.0722361046994222,-2.86578599967749,0.00415975338548362,0.687629846901193,"Ctss"
"Ttf2",12.6656150561003,-0.990517632155834,0.450979740508743,-2.1963683580075,0.0280655885559795,0.999789643489582,"Ttf2"
"Gstm5",47.1814184832982,0.652857024747992,0.255855941134897,2.55165864764415,0.0107211501148157,0.999789643489582,"Gstm5"
"Gstm1",21.8796572049095,1.97826660868539,0.348352520494206,5.67892147264738,1.35546685788999e-08,1.49507994425265e-05,"Gstm1"
"F3",4.02457355029576,1.49583852201894,0.758740083532834,1.97147686603565,0.0486693565688734,0.999789643489582,"F3"
"Ostc",202.790917998841,-0.308921081710733,0.139540989460714,-2.21383754626239,0.0268399562209387,0.999789643489582,"Ostc"
"Lef1",1.18945871794406,3.30946059886118,1.6572753838942,1.99692859196686,0.0458329406907116,0.999789643489582,"Lef1"
"Kyat3",5.0938406803062,1.40998345942587,0.698387439260552,2.01891297031165,0.0434962658920642,0.999789643489582,"Kyat3"
"Ccn1",0.965284044948424,3.84204850707134,1.79150141297245,2.14459697282439,0.0319850845546865,0.999789643489582,"Ccn1"
"Ddah1",3.82562842990529,3.25577244074665,0.971690769325346,3.35062608756401,0.000806290931611694,0.219536855055383,"Ddah1"
"Lyn",946.055493877482,-0.184123380502379,0.0929411948403153,-1.98107395562028,0.0475829805183458,0.999789643489582,"Lyn"
"Rab2a",246.612429690743,-0.219827536712974,0.111215376656712,-1.97659301547407,0.0480876522908077,0.999789643489582,"Rab2a"
"Smim27",63.6967872017479,-0.440278322155685,0.197492637710114,-2.22934043142378,0.0257912624258014,0.999789643489582,"Smim27"
"Bag1",217.034777179402,0.271643611115627,0.118055374842303,2.30098469873553,0.0213924959818149,0.999789643489582,"Bag1"
"Dnaic1",1.30258607928514,4.03346304801917,1.52466221174137,2.64547977706643,0.00815751629124763,0.930800738197876,"Dnaic1"
"Zcchc7",188.157604427147,-0.395202239234715,0.134880635046878,-2.93001466887638,0.00338946003109557,0.609550176244307,"Zcchc7"
"Erp44",58.4177017223083,-0.498084995363094,0.198348344459726,-2.51116285704228,0.0120334168187566,0.999789643489582,"Erp44"
"Klf4",8.36326661789922,1.1348136899964,0.523385237915096,2.16821875702289,0.0301420463431845,0.999789643489582,"Klf4"
"Txn1",116.94695540147,0.383847873380392,0.153350821937442,2.50307020549899,0.0123121118572429,0.999789643489582,"Txn1"
"Lpar1",5.93838748579073,2.48038338512588,0.679644527451025,3.64953043089811,0.000262720117043155,0.0965934296995332,"Lpar1"
"Pole3",22.4903886472239,0.684944436383186,0.3080631406978,2.22338977273199,0.0261895287342437,0.999789643489582,"Pole3"
"Klhl9",122.847942271991,-0.391073403861564,0.149958405022257,-2.60787919025626,0.00911051019336964,0.988440765141827,"Klhl9"
"Jun",129.936629222568,0.424255685258742,0.167866136733862,2.52734526160785,0.0114928456666265,0.999789643489582,"Jun"
"Ak4",1.27510355274067,3.55915578018529,1.58287734376502,2.24853542455761,0.0245420688565807,0.999789643489582,"Ak4"
"Plpp3",18.76549220121,1.60585708941648,0.463975338945914,3.46108285208598,0.000538007205202486,0.167949607737266,"Plpp3"
"Tmem59",660.403605509666,-0.209300088766412,0.082624263591249,-2.53315527024654,0.0113040867970574,0.999789643489582,"Tmem59"
"Ptafr",185.610880293718,-0.3754207410866,0.134629717599215,-2.7885428847456,0.00529457371091442,0.761728017800687,"Ptafr"
"Stmn1",69.1863596570402,0.440938396505876,0.192160355454984,2.29463770225577,0.0217538957220491,0.999789643489582,"Stmn1"
"Rsrp1",1037.74521423727,-0.20718898306901,0.0853087333686967,-2.42869604186429,0.0151532303716107,0.999789643489582,"Rsrp1"
"Id3",12.808517579599,1.01284399859038,0.452578055974503,2.2379432348073,0.0252247571274722,0.999789643489582,"Id3"
"C1qc",7876.53948683815,-0.1246454252474,0.0610294384053846,-2.04238197997908,0.0411136558158873,0.999789643489582,"C1qc"
"Padi2",47.5002070721927,0.476924528837897,0.234128711384484,2.03701855281942,0.041648182841812,0.999789643489582,"Padi2"
"Fbxo2",6.1620064133791,2.23199767292313,0.677858050778178,3.29272134536251,0.000992227610759246,0.256506340937683,"Fbxo2"
"Srm",51.2382888679597,-0.51362253314997,0.213471165366599,-2.4060511042225,0.0161260087073532,0.999789643489582,"Srm"
"Morn1",1.91845612982192,3.03486835882564,1.30285427162696,2.32939970717969,0.0198379005739666,0.999789643489582,"Morn1"
"Vwa1",4.38822336153734,1.58109849913229,0.746355354509312,2.1184258806206,0.0341390159596425,0.999789643489582,"Vwa1"
"Aurkaip1",82.5490684323852,0.368474963961207,0.17276903394773,2.13276045794577,0.0329443815314294,0.999789643489582,"Aurkaip1"
"Steap2",5.21603295455336,1.46487374295558,0.707718846476755,2.06985266853946,0.0384661434535438,0.999789643489582,"Steap2"
"Abcb1a",2.67194521323862,2.04434414861353,0.954784487692746,2.14115769052105,0.0322613236793227,0.999789643489582,"Abcb1a"
"Sema3c",1.57448342845097,2.88584105286806,1.40101080314514,2.05982783743681,0.0394150023322404,0.999789643489582,"Sema3c"
"Gm1673",10.7929390376208,0.965642454905789,0.47954983244134,2.01364360819354,0.0440469645272303,0.999789643489582,"Gm1673"
"Msx1",11.7460257345821,1.54045222432356,0.45955118059417,3.35207978865782,0.000802068993240583,0.219536855055383,"Msx1"
"Tmem128",102.338484982993,-0.366624408504497,0.163033060513748,-2.24877339202977,0.0245269170567484,0.999789643489582,"Tmem128"
"Prom1",1.82539381612619,3.27777730248482,1.30265552035161,2.51622723834164,0.0118618676040111,0.999789643489582,"Prom1"
"Qdpr",89.2673806658178,0.778319268311468,0.201594738409956,3.86081142023016,0.000113011102094046,0.047942786772974,"Qdpr"
"Sod3",1.64117427165378,3.08124275307637,1.33550801246905,2.30716905050974,0.0210453977374341,0.999789643489582,"Sod3"
"Gabrb1",3.3668791699251,2.65049318025731,0.948601415060856,2.79410628971839,0.0052043369822784,0.761728017800687,"Gabrb1"
"Ociad2",7.40045564117941,1.36294603267649,0.578018014810697,2.3579646269725,0.0183754438368978,0.999789643489582,"Ociad2"
"Hopx",11.223912136036,1.09540572386099,0.436679070462422,2.50849147109572,0.0121247895166903,0.999789643489582,"Hopx"
"Slc4a4",8.40050145505484,2.54981600871919,0.599486210911557,4.25333554351823,2.10609627011107e-05,0.0134020626111491,"Slc4a4"
"Bmp2k",620.435013780425,-0.262298639515868,0.110207312332338,-2.38004751195537,0.0173104059719406,0.999789643489582,"Bmp2k"
"Sparcl1",45.0270282657738,2.17461001804757,0.299209492908204,7.26785101940176,3.65251283836745e-13,1.00718041517983e-09,"Sparcl1"
"Rpl5",1483.93706391372,0.18366148215924,0.0882544240379541,2.0810456151213,0.0374297310341708,0.999789643489582,"Rpl5"
"Fgfrl1",8.71547106307905,1.20713059045626,0.50739706829947,2.37906496878653,0.0173566165699015,0.999789643489582,"Fgfrl1"
"Ankrd13a",84.5606858176838,0.329662103656426,0.166413830149203,1.98097780311203,0.0475937628888507,0.999789643489582,"Ankrd13a"
"Rplp0",1641.37327233104,0.185360975222427,0.0733143888714449,2.52830280761739,0.0114615451234924,0.999789643489582,"Rplp0"
"Rad9b",16.5915051835941,-0.770291004694741,0.375487657300803,-2.05144161124226,0.0402239602837931,0.999789643489582,"Rad9b"
"Asl",28.0412531734576,0.576785168830868,0.278797701136567,2.06883043324784,0.0385620015114686,0.999789643489582,"Asl"
"Gm36266",6.94945585193539,-1.13346804590317,0.56058384752673,-2.0219420357971,0.0431823404197571,0.999789643489582,"Gm36266"
"Gpc2",21.7605161459308,-0.619158502937531,0.314985994191462,-1.96566994836341,0.0493367483458918,0.999789643489582,"Gpc2"
"Mmd2",4.08848751665231,1.67593234818522,0.770998202134699,2.17371758266749,0.0297263513684841,0.999789643489582,"Mmd2"
"Slc29a4",6.69838093323548,1.84369699570809,0.598842216065343,3.07876924212523,0.00207857613853238,0.458533896160243,"Slc29a4"
"0610040B10Rik",4.97693006831941,-1.48238176558385,0.707697656054716,-2.0946540558688,0.0362017561924502,0.999789643489582,"0610040B10Rik"
"Wasf3",4.09699409568042,1.80448849201965,0.802491471018635,2.24860768891306,0.0245374668030483,0.999789643489582,"Wasf3"
"Flt1",5.99761065890822,1.34572241409932,0.684968881819099,1.96464751876819,0.0494550480627986,0.999789643489582,"Flt1"
"Kl",19.685232245076,0.756896972303091,0.335443404500911,2.25640737646709,0.0240451301011814,0.999789643489582,"Kl"
"Ptprz1",13.7046745560242,1.26466771447763,0.453378533128952,2.78943007237162,0.00528008974020577,0.761728017800687,"Ptprz1"
"Tmem229a",4.08966175830339,2.21286257119961,0.867071464182776,2.55211094195708,0.0107072418424947,0.999789643489582,"Tmem229a"
"Ccdc136",2.71406247998873,2.68726700102172,1.05394426096922,2.54972402292934,0.0107808222403791,0.999789643489582,"Ccdc136"
"Cald1",6.59499602385566,1.44902422453052,0.687113655620216,2.10885668284758,0.0349569541704192,0.999789643489582,"Cald1"
"Mtpn",175.156740549347,0.341090479023736,0.136936768303943,2.49086117080445,0.0127433902658374,0.999789643489582,"Mtpn"
"Ptn",32.756712694172,1.15799535167774,0.315032271504322,3.67579913685717,0.000237106028611336,0.0894854758112861,"Ptn"
"Zc3hav1",53.4211560855771,-0.51458660076931,0.239492027100887,-2.14865858792259,0.0316614737108714,0.999789643489582,"Zc3hav1"
"Clec5a",141.440551617155,-0.338058408663147,0.135420031656991,-2.4963692928342,0.0125471900207696,0.999789643489582,"Clec5a"
"Cbx3",223.950537716434,-0.382385699250877,0.130917564035298,-2.92081281888027,0.00349119512897816,0.621094875364985,"Cbx3"
"Prdm5",3.17207060417827,1.81543768771667,0.859102249866459,2.11317999458024,0.0345853649052808,0.999789643489582,"Prdm5"
"Hk2",341.53485275021,-0.38378112718913,0.107751723056981,-3.56171684592163,0.000368437622867921,0.129697882347867,"Hk2"
"Slc4a5",5.42015231891447,2.03178792631949,0.737780113448926,2.75392069978874,0.00588860342566134,0.773229711726721,"Slc4a5"
"Slc6a11",3.01589760962426,3.21934279565965,1.10544183898422,2.91226791146052,0.00358814736000816,0.627399978741332,"Slc6a11"
"Slc6a1",5.04214360764075,1.70085507236762,0.706068423433894,2.40890969758381,0.0160002563832128,0.999789643489582,"Slc6a1"
"Timp4",3.35029751449831,2.54964731105373,0.93680072157276,2.7216538718856,0.00649561373046923,0.824683356669338,"Timp4"
"Tmem72",8.6992978466765,1.10877552142588,0.557764723180049,1.98789108623486,0.0468237368001923,0.999789643489582,"Tmem72"
"Cxcl12",3.85528216365408,1.5403783915404,0.776817545709375,1.98293460291729,0.0473747348868616,0.999789643489582,"Cxcl12"
"Slc25a18",4.12859685837453,1.69172817752063,0.7699620697013,2.19715781347115,0.0280091773322752,0.999789643489582,"Slc25a18"
"Slco1c1",12.7340944428147,1.24440828131502,0.4482724576961,2.77600878651049,0.00550307212375672,0.765112002416429,"Slco1c1"
"Slco1a4",5.03533232159146,1.9000716390837,0.73753037685549,2.57626221062891,0.00998748752772044,0.999789643489582,"Slco1a4"
"Bhlhe41",215.775897595115,-0.396818295576382,0.17863309814036,-2.22141529037683,0.0263228463441017,0.999789643489582,"Bhlhe41"
"Myadm",78.120330571049,-0.363859732170171,0.176160082361079,-2.06550614244355,0.0388751349521572,0.999789643489582,"Myadm"
"Ttyh1",12.6439906722142,1.70313660230237,0.452872547860411,3.76074153831759,0.00016941040390733,0.068363295918214,"Ttyh1"
"Cox6b2",8.47499743403739,1.01825076980836,0.511558476979703,1.99048753100569,0.046537256200901,0.999789643489582,"Cox6b2"
"Selenow",147.085992321443,1.15971168779721,0.179198447338846,6.47166147374211,9.69310964738946e-11,1.45793181014599e-07,"Selenow"
"C5ar1",55.0591373514736,-0.529302893507833,0.210706863502756,-2.51203441932925,0.0120037380394464,0.999789643489582,"C5ar1"
"Fosb",2.30535819733566,2.67861289939497,1.18421844140537,2.2619246633384,0.0237020582824439,0.999789643489582,"Fosb"
"Apoe",719.265054544141,0.861058479661652,0.109640109271269,7.85349891918878,4.04588295315232e-15,1.67347833649763e-11,"Apoe"
"Bcam",3.00142219369265,2.47595431346038,1.00130307497923,2.47273215805489,0.0134084592722719,0.999789643489582,"Bcam"
"Rps19",1581.81508282539,0.234226902461541,0.084940055547457,2.7575553247746,0.00582353577566226,0.770803195266657,"Rps19"
"Ltbp4",2.73297830164164,2.98603797234137,1.18083765736646,2.52874555084982,0.0114470982009335,0.999789643489582,"Ltbp4"
"Akt2",50.5265378776212,0.495031488432294,0.233511650751785,2.11994342397286,0.0340108167630287,0.999789643489582,"Akt2"
"Rps16",2112.84271126643,0.155923830369915,0.0754126369662881,2.06760878073549,0.0386768257294097,0.999789643489582,"Rps16"
"Zfp36",83.6964728413831,0.492576967787535,0.204389013584956,2.40999728482368,0.015952639242217,0.999789643489582,"Zfp36"
"Spint2",10.7130584616998,1.21053898093748,0.485979095582811,2.4909280912294,0.0127409903471822,0.999789643489582,"Spint2"
"Aplp1",25.3055477322935,0.700843959797454,0.343358900112726,2.04114109046646,0.0412368051253927,0.999789643489582,"Aplp1"
"Gm4673",21.4431256236239,-0.63009238725395,0.3135409859813,-2.00960134536137,0.0444733987580011,0.999789643489582,"Gm4673"
"Fxyd1",32.0151876006665,0.921850212272022,0.27360302910481,3.36929826869309,0.000753598319909626,0.218741828121136,"Fxyd1"
"Slc7a10",6.77925128459535,1.37196953187535,0.581395366517376,2.35978752306474,0.0182854048390869,0.999789643489582,"Slc7a10"
"Shank1",3.6237996832223,2.5137915072036,0.927066091023919,2.71155587669827,0.0066968252959367,0.826858018815469,"Shank1"
"Rpl13a",2264.42897388948,0.288315260245073,0.101208650905417,2.84872150419743,0.00438952856726976,0.698931133434696,"Rpl13a"
"Ftl1",2147.60359969855,0.21189124565836,0.0793208154694832,2.67131955722114,0.0075553681599314,0.892882615757608,"Ftl1"
"Ppp1r15a",12.6361626840819,0.988961437907945,0.425715249783027,2.32305851954325,0.02017600893829,0.999789643489582,"Ppp1r15a"
"Luzp2",9.81515928004715,2.32434989642064,0.543821200079166,4.2741068131994,1.91905027673866e-05,0.0127002747314564,"Luzp2"
"Chsy1",90.3148799091854,-0.457593843902262,0.190457823727216,-2.40259935216762,0.0162790118317955,0.999789643489582,"Chsy1"
"Synm",3.41426649327974,1.95753115411054,0.860655358612425,2.27446577137047,0.0229379968410472,0.999789643489582,"Synm"
"Mfge8",31.0795381471021,0.604630787611039,0.291473937689177,2.07439056954659,0.0380430524381779,0.999789643489582,"Mfge8"
"Sh3gl3",3.991533965676,1.76321877914115,0.850981633392445,2.07198217911245,0.0382671031698289,0.999789643489582,"Sh3gl3"
"Mex3b",25.1042237459928,-0.63092191545976,0.299325236476451,-2.10781397147379,0.03504708385449,0.999789643489582,"Mex3b"
"Gab2",49.7043479994022,0.47122774197526,0.228325900565206,2.06383831535873,0.0390330488968019,0.999789643489582,"Gab2"
"Plekhb1",24.7138779271212,2.32791987758199,0.633471538508111,3.67486104121501,0.000237978902127325,0.0894854758112861,"Plekhb1"
"Folr1",18.6595838057951,0.725288132027021,0.335586713828993,2.16125401316278,0.0306757231362224,0.999789643489582,"Folr1"
"Dnhd1",4.84657593309607,-1.46282677973808,0.68670370266582,-2.13021536662656,0.0331538369785213,0.999789643489582,"Dnhd1"
"Parva",4.47560074317446,1.61185594444502,0.755206083786896,2.13432595294061,0.0328161082436199,0.999789643489582,"Parva"
"Gm44777",7.59588060110823,-1.13088012376285,0.547289020600656,-2.06633073421004,0.0387972612992821,0.999789643489582,"Gm44777"
"Tbx6",7.37462621935976,-1.15744547784617,0.538228943841812,-2.15047052205046,0.0315180152693283,0.999789643489582,"Tbx6"
"Htra1",6.62500779486472,2.12897945742708,0.658239311155801,3.23435477241371,0.00121917907407542,0.296637026184967,"Htra1"
"Ppp2r2d",65.8061199276382,0.389130081894617,0.185307150959397,2.09991940343349,0.0357359315792855,0.999789643489582,"Ppp2r2d"
"Igf2",21.7548349031063,1.16095282536152,0.34319671351115,3.38276207101208,0.000717607734824287,0.212014642369068,"Igf2"
"Arglu1",504.464466098262,-0.264783502599529,0.109439519344642,-2.41945052559749,0.0155439750526033,0.999789643489582,"Arglu1"
"Asah1",490.972185901228,-0.230419303983504,0.0875970441287889,-2.63044611008486,0.00852728878912591,0.946872436349586,"Asah1"
"Tlr3",104.208090152179,-0.510533355121541,0.15714453950925,-3.24881384180383,0.00115887291769067,0.294977729587571,"Tlr3"
"Gpm6a",18.8020656082809,1.5266424588802,0.369429733189172,4.13242985533723,3.58948327289283e-05,0.0196165203954133,"Gpm6a"
"Cpe",53.5831728407729,2.28525474875476,0.286694285658301,7.97105091755635,1.57330666681598e-15,8.67678626749014e-12,"Cpe"
"Ncan",3.29127611255717,2.90695550738297,1.05064821021353,2.76682097692069,0.00566058303947164,0.767524475039468,"Ncan"
"Jund",249.697659969472,0.259952582809815,0.112808632677521,2.30436781866618,0.0212020049070109,0.999789643489582,"Jund"
"Klf2",18.2627033529494,1.28870786190381,0.397938597466296,3.23845907411121,0.00120177261570679,0.296637026184967,"Klf2"
"Gm30329",29.9032711383738,-0.796962153227573,0.285274169731654,-2.79367092357939,0.00521134804509457,0.761728017800687,"Gm30329"
"Smarca5",209.601863121294,-0.352123166114984,0.133038405445876,-2.64677831138196,0.00812626061287788,0.930800738197876,"Smarca5"
"Clgn",42.2915630908642,-0.562934745706506,0.252430409708312,-2.23005915316221,0.0257435160854633,0.999789643489582,"Clgn"
"Scoc",942.359342655041,-0.223325460935736,0.111115429543922,-2.00985103376178,0.0444469575760035,0.999789643489582,"Scoc"
"Gm39214",2.07832419607133,-2.33062610875699,1.17791427952098,-1.97860417288156,0.0478605894756324,0.999789643489582,"Gm39214"
"Mt3",136.924153716739,1.24213801404555,0.169652296641625,7.32166931208393,2.44905067081322e-13,8.10390866972095e-10,"Mt3"
"Mt2",18.2110997830053,2.0812500908589,0.426035393675412,4.88515771636702,1.03346094659661e-06,0.00106866321009006,"Mt2"
"Mt1",235.486442953542,1.05684807765072,0.374150062971208,2.8246636369858,0.0047330273430352,0.712787730880637,"Mt1"
"Drc7",4.26139919338679,1.73823902023521,0.785836128694728,2.21196119237025,0.0269693464879964,0.999789643489582,"Drc7"
"Zfp319",19.219383669665,0.765302577657692,0.345632758780865,2.21420730013298,0.0268145219225342,0.999789643489582,"Zfp319"
"Csnk2a2",87.7279070192125,-0.403465667275128,0.184701080063821,-2.18442505661426,0.0289310286864669,0.999789643489582,"Csnk2a2"
"Vat1l",8.58028261288714,1.4027762094317,0.549213947592682,2.55415255854364,0.0106446605772472,0.999789643489582,"Vat1l"
"Maf",1347.5010263067,-0.295579003057982,0.110580512380462,-2.67297552430411,0.00751817356078655,0.892882615757608,"Maf"
"Cox4i1",823.723911293712,0.255024471389757,0.087747876660139,2.90633210849656,0.00365693086216223,0.627399978741332,"Cox4i1"
"Egln1",60.780162353325,-0.844337507766964,0.252074499852825,-3.34955542214677,0.000809413608847287,0.219536855055383,"Egln1"
"Kcnk1",7.01095407638623,2.27919435350638,0.644687132634889,3.53534953333275,0.000407236095367645,0.140369191622035,"Kcnk1"
"Naalad2",23.2939532983455,-0.612247187064314,0.30604998107817,-2.00048104857728,0.0454483443229491,0.999789643489582,"Naalad2"
"Dock6",4.19849123707486,2.16561244258399,0.79150971395643,2.73605289284321,0.00621810304448605,0.810067046228517,"Dock6"
"Ntm",3.97902487337035,1.88675540605651,0.848067759649319,2.22476964203508,0.0260967063561644,0.999789643489582,"Ntm"
"Fez1",12.3390149837501,1.00470319794316,0.460272805736272,2.18284283890289,0.0290473857024011,0.999789643489582,"Fez1"
"Hspa8",1144.62955685266,-0.243285303542169,0.115712067111477,-2.10250589774521,0.0355089835630182,0.999789643489582,"Hspa8"
"Tagln",4.99078818425501,1.95323011763768,0.737581424846338,2.64815524339513,0.00809323504394086,0.930800738197876,"Tagln"
"2900052N01Rik",3.73018890261263,2.00434046580277,0.847301006713355,2.36555893350997,0.0180028777633516,0.999789643489582,"2900052N01Rik"
"Bco2",36.6619663080961,-0.492525764618762,0.242143568319349,-2.03402373243793,0.0419492026880614,0.999789643489582,"Bco2"
"Cryab",40.7792894697541,0.558820408294422,0.249988173254429,2.235387382609,0.025391927731783,0.999789643489582,"Cryab"
"Acsbg1",5.09579027800116,1.85920984996801,0.810727140885632,2.29326213001457,0.0218329180917744,0.999789643489582,"Acsbg1"
"Islr",1.08317216198497,3.59981278660889,1.61724026979839,2.22589855931404,0.0260209768986583,0.999789643489582,"Islr"
"Rplp1",6324.53362712637,0.17859099326806,0.0884405127957464,2.01933466487826,0.0434524472453467,0.999789643489582,"Rplp1"
"Calml4",20.8306965217113,0.879065156871274,0.338133300375945,2.5997591952461,0.00932891978277902,0.990372843201173,"Calml4"
"Rpl4",735.195644633908,0.229340858241371,0.0994691375650454,2.30564840367093,0.0211302863138197,0.999789643489582,"Rpl4"
"Car12",6.92650488412862,1.3077700524609,0.569838248883836,2.29498468209616,0.0217340021603576,0.999789643489582,"Car12"
"Anxa2",2.27224197422227,2.42868220595372,1.14952093008616,2.11277771668907,0.0346197977869362,0.999789643489582,"Anxa2"
"Fam81a",8.58602579653113,1.1627744221179,0.542654732186204,2.14275183307332,0.0321330308715237,0.999789643489582,"Fam81a"
"Sltm",131.722264456433,0.285829319647292,0.144294588862435,1.98087344716572,0.0476054675025656,0.999789643489582,"Sltm"
"Adam10",399.298638382453,-0.367973351015829,0.141609774669775,-2.59850248243045,0.00936313680280381,0.990372843201173,"Adam10"
"Cgnl1",8.20061199011099,1.41176356218723,0.582416971472106,2.42397394193181,0.0153517069940395,0.999789643489582,"Cgnl1"
"Tmod2",7.2120240413927,1.30742408481733,0.590691151379123,2.21338017636595,0.026871446189943,0.999789643489582,"Tmod2"
"Scg3",7.78103296503853,1.7195795058138,0.603691494360639,2.84844083754232,0.00439340210802106,0.698931133434696,"Scg3"
"Mthfs",70.4797900031808,-0.426207607292378,0.200726593696354,-2.12332406704972,0.033726705290675,0.999789643489582,"Mthfs"
"Atr",28.1816568948435,-0.563593162070873,0.272872555638961,-2.06540800979841,0.038884411340347,0.999789643489582,"Atr"
"Slc25a36",93.4885187496888,-0.401685314832539,0.165387446924764,-2.42875334435309,0.0151508358082822,0.999789643489582,"Slc25a36"
"Rbp1",23.9545757850832,0.82605310130915,0.318382730510358,2.59452860393845,0.00947207315526974,0.991869938948974,"Rbp1"
"Hemk1",19.9835743568103,0.718829392194965,0.33182220033354,2.16630891927187,0.0302875886055566,0.999789643489582,"Hemk1"
"Dalrd3",51.4783729804143,-0.564591716611056,0.214148023262067,-2.63645541999764,0.00837772076362869,0.942921020641066,"Dalrd3"
"Cspg5",15.4327811347217,1.23592152992162,0.444083961378122,2.78308076266974,0.00538454008191709,0.764245077991338,"Cspg5"
"Rpsa",1366.73747135398,0.147646785850361,0.0751825585692835,1.96384359165296,0.0495482330881058,0.999789643489582,"Rpsa"
"Mobp",114.182409510779,2.29680639597946,0.536399822613124,4.28189253454699,1.85310477531324e-05,0.0127002747314564,"Mobp"
"Slc6a20a",2.95028217601034,2.68000985830643,1.08469693424617,2.47074530561751,0.013483180952773,0.999789643489582,"Slc6a20a"
"Sash1",5.38397783738468,1.69572109418668,0.688003019955655,2.46470007398511,0.0137127982139133,0.999789643489582,"Sash1"
"Tspyl1",70.4150137140733,-0.404483355113312,0.187933921470571,-2.15226368900439,0.0313765919714472,0.999789643489582,"Tspyl1"
"P4ha1",413.905169015227,-0.356681815432112,0.131536266680405,-2.71166138764411,0.00669469425052518,0.826858018815469,"P4ha1"
"Spock2",7.67881785244265,1.2758195586052,0.592072680378578,2.15483605456923,0.031174665761581,0.999789643489582,"Spock2"
"Chchd10",73.8096888784531,0.86818269203616,0.186822704938829,4.64709411160934,3.36643605483684e-06,0.00309431580707087,"Chchd10"
"S100b",14.6267927214906,1.7694490935378,0.40746112226201,4.34262067437196,1.40793105438438e-05,0.010940906851315,"S100b"
"Col18a1",1.41011951994313,3.42506195269402,1.438324749231,2.38128555774711,0.017252332334785,0.999789643489582,"Col18a1"
"Gpx4",465.039002917308,0.280934228501285,0.0972090753689958,2.89000000704551,0.00385241817803474,0.65039039546515,"Gpx4"
"Gadd45b",2.17515102558427,2.58396909499793,1.29939434021669,1.98859500539845,0.0467459231374965,0.999789643489582,"Gadd45b"
"Thop1",12.6302276834841,1.1613835234078,0.429432770771928,2.70445946945351,0.00684156153872912,0.838471375246468,"Thop1"
"Zfp781",2.92434822388283,-1.8869182039652,0.872435439529033,-2.1628170045268,0.030555257196417,0.999789643489582,"Zfp781"
"Rfx4",0.891530276635303,3.45332194484268,1.69018458406402,2.04316260922179,0.0410363437743598,0.999789643489582,"Rfx4"
"Timp3",8.88335539217297,1.37108225734755,0.53118331988891,2.58118469840939,0.00984618879058326,0.999789643489582,"Timp3"
"Hsp90b1",1573.62155801347,-0.232852635466197,0.0921651280235604,-2.52647221850191,0.0115214500468142,0.999789643489582,"Hsp90b1"
"Gm48882",1.45273354523302,-2.59455924482152,1.28769713856838,-2.01488313292834,0.0439168957082936,0.999789643489582,"Gm48882"
"Ptprb",2.08697442787678,2.50220318413271,1.20079968468479,2.08378068053002,0.0371801214439325,0.999789643489582,"Ptprb"
"Kif5a",36.6358930889413,4.13244683549858,0.403004014035365,10.2541083750494,1.13417874318353e-24,1.87649873059715e-20,"Kif5a"
"Ptges3",246.712573179448,-0.307363962784686,0.134132009373439,-2.29150345410056,0.0219343123278758,0.999789643489582,"Ptges3"
"Atp5b",354.041101305294,0.273551579515436,0.104939714880022,2.60674978799197,0.00914061269668779,0.988440765141827,"Atp5b"
"Rdh5",11.6479860521054,0.920816822095926,0.448351946977453,2.05378124998358,0.039996868481739,0.999789643489582,"Rdh5"
"Purb",311.857444838923,-0.411045094660265,0.1353058646456,-3.03789562807862,0.00238236452785502,0.484673446319149,"Purb"
"Ikzf1",302.098581244796,0.22929078352549,0.102891275943493,2.22847643226247,0.0258487612310956,0.999789643489582,"Ikzf1"
"Actr2",492.627954540229,-0.243699427595246,0.114239356750826,-2.13323529234144,0.0329054293484835,0.999789643489582,"Actr2"
"Sptbn1",30.9223078126557,1.25053086998532,0.310958431222993,4.02153710728154,5.78195971345044e-05,0.0281360363114816,"Sptbn1"
"Nsg2",8.73800966011307,1.32860680465353,0.522789295966497,2.54138103994133,0.0110415513042452,0.999789643489582,"Nsg2"
"Canx",895.301496808575,-0.199165030615281,0.0948509508147436,-2.09976841459689,0.0357492179975959,0.999789643489582,"Canx"
"Acsl6",5.2520054422336,1.61064724469223,0.693016701259992,2.32411028733343,0.020119583829693,0.999789643489582,"Acsl6"
"Alkbh5",84.6898107031002,-0.365666961643199,0.179130973553676,-2.04133854904566,0.0412171879105627,0.999789643489582,"Alkbh5"
"Rpl26",2470.06356999721,0.18221529032524,0.0893389296160103,2.03959562878606,0.0413906177914285,0.999789643489582,"Rpl26"
"Atp1b2",9.99975082638172,2.36625612276417,0.551243389565774,4.29257958925933,1.76609212921862e-05,0.0127002747314564,"Atp1b2"
"6330403K07Rik",3.33604968502397,2.95555437248218,1.00503436565347,2.94074956388232,0.00327419131513902,0.601905503433056,"6330403K07Rik"
"Aldoc",42.3264937866742,1.96731099298975,0.284705482102832,6.90998634258536,4.84700365993785e-12,8.84875102944246e-09,"Aldoc"
"Unc119",5.41087573508191,1.51261444622664,0.673226360649425,2.2468140504295,0.0246519134354587,0.999789643489582,"Unc119"
"Slc46a1",50.9017486992448,-0.454203244066457,0.212978970244196,-2.13262015280513,0.0329558987629579,0.999789643489582,"Slc46a1"
"Vtn",5.1699810559634,1.37818082892293,0.662410050124537,2.08055543339631,0.0374746167431921,0.999789643489582,"Vtn"
"Ccl12",87.8732372490609,-0.606557642897057,0.21803852130709,-2.7818829409633,0.00540445295406386,0.764245077991338,"Ccl12"
"Taf15",160.131165767968,-0.256602270358826,0.130081114005199,-1.97263278625189,0.0485374147948616,0.999789643489582,"Taf15"
"Ccl3",15.7228137239882,1.73566237986194,0.520271388523343,3.3360711700641,0.000849714078869029,0.226750313465937,"Ccl3"
"Epn3",2.77109397034147,2.77459882849745,1.07075865167965,2.59124577153317,0.00956291691455948,0.995084656298029,"Epn3"
"Itga3",1.37232014645349,3.60009774911437,1.47189957333518,2.44588544920691,0.0144496901834784,0.999789643489582,"Itga3"
"Scrn2",9.35316646604325,1.19529398010054,0.504513477872821,2.36920128504843,0.0178265487434984,0.999789643489582,"Scrn2"
"Ppp1r1b",16.2716654597646,0.80318569344732,0.379331284663594,2.11737266584699,0.0342282321560825,0.999789643489582,"Ppp1r1b"
"Gfap",6.08769442209392,1.78745178015397,0.656923538689372,2.72094342017355,0.00650959022006665,0.824683356669338,"Gfap"
"Ace",8.07321836318748,1.15161490507073,0.547668359280128,2.1027596090898,0.0354867884175845,0.999789643489582,"Ace"
"Ddx5",1551.83156047376,-0.204689201128693,0.0798477118543368,-2.56349488764437,0.0103624226956092,0.999789643489582,"Ddx5"
"Abca9",406.367652037025,-0.256475875928746,0.0993077210598506,-2.58263781699485,0.00980481930486936,0.999789643489582,"Abca9"
"Cd300a",193.572699416966,-0.305655379338243,0.121721606518266,-2.51110208024058,0.0120354888381329,0.999789643489582,"Cd300a"
"Ntsr2",6.86045838287529,2.80357237992157,0.672159402121911,4.17099332549852,3.03274746079797e-05,0.0179202881210366,"Ntsr2"
"Pdia6",483.774113865525,-0.222081266344684,0.107066343021424,-2.07423976646187,0.0380570487220048,0.999789643489582,"Pdia6"
"Adam17",213.353377254443,-0.257357396099127,0.115089116151878,-2.2361575508105,0.0253414527189104,0.999789643489582,"Adam17"
"Sostdc1",16.6697616373003,1.27693515147353,0.411005973969315,3.1068530200217,0.00189090387814983,0.434513953666513,"Sostdc1"
"Mgat2",135.089386073073,-0.288995495432178,0.139930687484573,-2.06527603506586,0.0388968897546912,0.999789643489582,"Mgat2"
"Fos",7.79877090036585,2.9365515955351,1.49463322186876,1.96473057909384,0.0494454287360521,0.999789643489582,"Fos"
"Irf2bpl",105.392379507435,-0.416439521059119,0.166040557919591,-2.50805903254547,0.0121396384280739,0.999789643489582,"Irf2bpl"
"Crip2",10.0286068678995,1.18119748867624,0.484588536969912,2.43752668204279,0.0147881228190194,0.999789643489582,"Crip2"
"Hist1h1e",43.1998270768283,-0.511781206751534,0.258246782599214,-1.98175249891028,0.0475069482529673,0.999789643489582,"Hist1h1e"
"Nrsn1",3.60899303766234,2.03447978995679,0.84498564235313,2.40770930058781,0.0160529576358735,0.999789643489582,"Nrsn1"
"Serpinb6a",15.4385826403377,0.829384435425686,0.382857532653122,2.16630042428113,0.0302882373264875,0.999789643489582,"Serpinb6a"
"Nrn1",4.44629766231066,1.58831770616791,0.744513531722295,2.13336311362083,0.0328949504984993,0.999789643489582,"Nrn1"
"Ssr1",221.538002878693,-0.339265753878291,0.130624371214675,-2.59726229281305,0.00939701366092557,0.990372843201173,"Ssr1"
"Id4",7.22703533260704,1.44377164060483,0.567443571528915,2.5443439895085,0.0109483206767401,0.999789643489582,"Id4"
"Ogn",1.41542871749242,3.2940273283438,1.49326701772819,2.20591983164218,0.027389613396485,0.999789643489582,"Ogn"
"Cxcl14",5.60309114556984,1.65523411110711,0.672829386885948,2.46010971483874,0.0138894548088206,0.999789643489582,"Cxcl14"
"Ntrk2",13.4605255774331,1.24245926182741,0.455829552739849,2.72571020101566,0.00641633064417721,0.824683356669338,"Ntrk2"
"Ctsl",1283.22922336552,-0.215176250378121,0.101120452586788,-2.12792016722277,0.0333437031853723,0.999789643489582,"Ctsl"
"Mef2c",1475.80521064394,-0.156301571907914,0.0676850882860772,-2.30924677600023,0.0209298912610951,0.999789643489582,"Mef2c"
"Mtx3",20.1076087712777,-0.673573617978194,0.322550835866408,-2.0882711903967,0.036773378706065,0.999789643489582,"Mtx3"
"Zbed3",26.1491624362368,-0.603398083174039,0.299949601473325,-2.01166489373615,0.0442552736673646,0.999789643489582,"Zbed3"
"Cd180",204.861820997555,-0.265733882879489,0.131094770516214,-2.02703648538462,0.0426586815162416,0.999789643489582,"Cd180"
"Gpx8",2.72692546943598,2.85501770955439,1.06806662412612,2.67307080388393,0.00751603849438664,0.892882615757608,"Gpx8"
"Gm3164",26.4106909819389,-0.849868656517311,0.30286520742404,-2.80609537076147,0.00501458480566764,0.747444194682623,"Gm3164"
"Fam107a",7.04997017503999,2.1610227153939,0.633896780506958,3.40910820475476,0.000651756227588526,0.196060123371858,"Fam107a"
"3830406C13Rik",32.937882138207,-0.651567393582237,0.279678519848342,-2.32970123674694,0.0198219471409546,0.999789643489582,"3830406C13Rik"
"Anxa11",17.7750655899752,0.748031330926699,0.359425956902,2.08118338857384,0.0374171234247615,0.999789643489582,"Anxa11"
"Tasor",134.343971649647,-0.301833280214932,0.146718146055596,-2.05723210338658,0.039663904859572,0.999789643489582,"Tasor"
"Cacna1d",61.3805869385761,-0.708252772625497,0.232466621098721,-3.0466858823776,0.00231379367032906,0.484270042615669,"Cacna1d"
"Otx2",7.48462827205972,1.62982215205654,0.618931788044992,2.63328234797025,0.00845640159924162,0.945345705807112,"Otx2"
"Ndrg2",39.2840144548452,1.61454513801633,0.25877084849968,6.23928524939056,4.39574770306385e-10,5.59443428824549e-07,"Ndrg2"
"Rpgrip1",34.8595191976954,-0.726713881292494,0.333629813757298,-2.17820425911081,0.0293908331327238,0.999789643489582,"Rpgrip1"
"Slc22a17",74.6320558872815,0.552457243060328,0.186197267383736,2.9670534418841,0.00300668692886758,0.558939721776564,"Slc22a17"
"Sdr39u1",1.63045435063236,2.7428332144394,1.34755845059629,2.03540945717472,0.0418096905448729,0.999789643489582,"Sdr39u1"
"Clu",88.1860991787885,1.62824497593104,0.230171535323378,7.07405011503027,1.50475902327611e-12,3.11202975501289e-09,"Clu"
"Sorbs3",4.08411461859798,2.48178525944748,0.875251011246763,2.83551258731169,0.0045752212104077,0.707448924543883,"Sorbs3"
"Itm2b",6670.49144813701,-0.159037251207739,0.0680359435092897,-2.33754752274471,0.0194107329370162,0.999789643489582,"Itm2b"
"2900040C04Rik",37.6003235080011,0.556072174525447,0.280902843722727,1.97958898228291,0.0477497320130984,0.999789643489582,"2900040C04Rik"
"Serp2",3.22280375625385,4.02479590622065,1.24425943240938,3.23469189896117,0.00121774058046926,0.296637026184967,"Serp2"
"Rgcc",7.13706161904691,1.6217523836786,0.608084985910738,2.66698310475415,0.00765355192937251,0.898071040223178,"Rgcc"
"Gpc5",2.03231498287931,2.6544534609406,1.18201511649105,2.245701788333,0.0247231155617087,0.999789643489582,"Gpc5"
"Cldn10",4.88573661741776,2.25214734390654,0.792260463312635,2.8426855159347,0.00447351876213203,0.703499632166441,"Cldn10"
"Gpr183",332.097103452998,-0.343987982318917,0.124443258369508,-2.76421548925951,0.00570598431126349,0.767524475039468,"Gpr183"
"Tm9sf2",297.405965051238,-0.242395606046589,0.111586888148433,-2.17225885647205,0.0298361435084118,0.999789643489582,"Tm9sf2"
"Prlr",19.8644347418133,0.818765224825993,0.332072243399758,2.46562379451973,0.0136774903144051,0.999789643489582,"Prlr"
"Sdc2",3.22827916639599,2.02729484281556,0.922176567252511,2.19838034797999,0.027922012942897,0.999789643489582,"Sdc2"
"Baalc",4.45051790412177,3.18060239911252,0.90772031730802,3.50394536562217,0.000458419397404502,0.15169097860115,"Baalc"
"Enpp2",413.613458128273,1.11793008299379,0.136948927890072,8.16311671962224,3.26488739514902e-16,2.70087809763702e-12,"Enpp2"
"Ndufb9",241.78089526455,0.392149690742694,0.127564488839205,3.07412897046135,0.00211118143949694,0.459598643637855,"Ndufb9"
"Sqle",2.73745346319968,2.61832757817784,1.02913089786221,2.54421238699259,0.0109524467205735,0.999789643489582,"Sqle"
"Kcnq3",0.966673592658176,3.77475263205557,1.6903434758589,2.2331275778951,0.0255405324572178,0.999789643489582,"Kcnq3"
"Ly6c1",8.67587674242105,1.13530801971559,0.504014181275269,2.25253189670775,0.0242886793739116,0.999789643489582,"Ly6c1"
"Plec",5.02666331043062,1.43547155965726,0.669359750733884,2.14454418283055,0.0319893092148727,0.999789643489582,"Plec"
"Bop1",16.2042961795097,0.919269232296872,0.369944265813147,2.48488574427906,0.0129593020584729,0.999789643489582,"Bop1"
"Eif3d",87.2361514302122,0.369817882680667,0.163708116935115,2.25900761430933,0.0238829112378167,0.999789643489582,"Eif3d"
"Tst",3.75282294567933,2.08976794898091,0.824931106031077,2.53326360674558,0.0113005933961439,0.999789643489582,"Tst"
"Rpl3",1420.70924673029,0.166679863323465,0.0831875420542749,2.0036637603106,0.0451060907788308,0.999789643489582,"Rpl3"
"St13",438.033170149147,-0.271663074841245,0.0956460217911291,-2.84029664542139,0.00450715992805335,0.703499632166441,"St13"
"Brd1",134.902947559619,-0.698959360092025,0.188007413705936,-3.71772232974425,0.000201027047127062,0.0791902974932676,"Brd1"
"Mlc1",5.01628309830126,2.23158799074713,0.768319022640835,2.90450701464713,0.00367831960942334,0.627399978741332,"Mlc1"
"Kif21a",3.8728216226693,2.03533361828069,0.827628306586475,2.45923635294128,0.0139232920872079,0.999789643489582,"Kif21a"
"Cntn1",12.9340525956237,1.26942871764742,0.436207058849961,2.91015170867297,0.00361253355972182,0.627399978741332,"Cntn1"
"Slc38a2",114.785821117297,-0.301150276008288,0.147393111612841,-2.04317740980543,0.0410348791432355,0.999789643489582,"Slc38a2"
"Ddn",2.87846064660538,2.21280950489892,1.03198526122967,2.14422587999196,0.0320147923873968,0.999789643489582,"Ddn"
"Abat",6.1303915926644,1.53845623994901,0.610793209159191,2.51878412673715,0.0117760830473263,0.999789643489582,"Abat"
"Emp2",7.91330543709688,1.11760370702606,0.543968461382737,2.05453769173523,0.0399236792215582,0.999789643489582,"Emp2"
"Marf1",85.5585877737545,-0.463448217678421,0.203326343274324,-2.27933188693186,0.0226473439013318,0.999789643489582,"Marf1"
"Sdf2l1",231.419429716582,-0.258015371794769,0.12305431472004,-2.09676005576706,0.036014821206688,0.999789643489582,"Sdf2l1"
"Aifm3",3.237890130731,2.07676939252503,0.927044642954348,2.24020429685747,0.0250776628457493,0.999789643489582,"Aifm3"
"Prodh",7.15234635156095,1.2398355350555,0.580528915363741,2.13569988030425,0.0327038841782287,0.999789643489582,"Prodh"
"Cldn5",9.79322584266422,1.12162249337253,0.471738096586592,2.37763814601445,0.0174239149650858,0.999789643489582,"Cldn5"
"Etv5",107.929722174496,-0.395919450950114,0.164310430985314,-2.40958196370078,0.0159708082573212,0.999789643489582,"Etv5"
"Pigz",3.34014566482853,1.82421782765234,0.897898912731123,2.03165167235101,0.0421889316383087,0.999789643489582,"Pigz"
"Pdia5",9.94859713603978,-1.02591350772908,0.490690146656216,-2.09075628422564,0.0365499167053893,0.999789643489582,"Pdia5"
"Cd86",263.985333422406,-0.300071914572319,0.115535396545417,-2.59722927816637,0.00939791697688632,0.990372843201173,"Cd86"
"Slc15a2",16.6004160599343,-1.07208543201632,0.406537388742064,-2.63711398189879,0.00836147307768152,0.942921020641066,"Slc15a2"
"Timmdc1",21.1953323170115,-1.10877744745463,0.345953356647367,-3.20499115314213,0.00135066631975554,0.32386629362834,"Timmdc1"
"Lsamp",5.42446498196164,1.31897817780584,0.660157326539599,1.99797552004708,0.0457193141691949,0.999789643489582,"Lsamp"
"Tagln3",3.3922939183002,1.86470820843718,0.90071147102611,2.07026141935649,0.0384278703914677,0.999789643489582,"Tagln3"
"Dzip3",36.7895542057548,-0.516894534902242,0.253857519317373,-2.03616003296723,0.0417342881081055,0.999789643489582,"Dzip3"
"Cadm2",6.30347266171978,1.61366379626931,0.63253589542813,2.55110232942134,0.010738279201488,0.999789643489582,"Cadm2"
"Kcne2",10.5036340944539,1.18746215561855,0.462754398339707,2.56607427153363,0.0102856801642352,0.999789643489582,"Kcne2"
"Clic6",14.7159791210029,1.39110258241859,0.441233408507627,3.15275896066819,0.00161735295226696,0.382272922789383,"Clic6"
"Ezr",16.8803304124769,1.2727844033532,0.4252466849093,2.99304956045611,0.00276204892519907,0.523974295264128,"Ezr"
"Gng13",4.28145801217412,4.22349958053668,1.07666713685528,3.92275331526571,8.75427727498145e-05,0.0391458155444779,"Gng13"
"Arhgdig",2.37356198291557,4.12256015727931,1.22559752031961,3.36371450572471,0.0007690104927136,0.219366872447354,"Arhgdig"
"Gm34455",7.38764080402807,1.4619623329131,0.613773746649038,2.38192386183807,0.0172224579017784,0.999789643489582,"Gm34455"
"Dusp1",6.55903631544177,1.87096826979511,0.620750476164061,3.0140424238686,0.0025779175518354,0.504372744909293,"Dusp1"
"Fkbp5",64.7211883065912,0.728065680663651,0.242915329787401,2.99719939989318,0.00272472427530304,0.523974295264128,"Fkbp5"
"H2-Aa",3.47710832935013,5.2115688099665,1.34217290713691,3.88293399624918,0.000103203589260335,0.0449342995871642,"H2-Aa"
"H2-Eb1",2.67358687056315,2.59404835226793,1.11065534109191,2.33560156449403,0.0195120169783967,0.999789643489582,"H2-Eb1"
"Lst1",240.209380850552,-0.397246916671397,0.165200868744467,-2.404629707401,0.0161888601042407,0.999789643489582,"Lst1"
"Ier3",3.93577638251137,1.99647619949654,0.834833112883857,2.39146743065795,0.0167811727803536,0.999789643489582,"Ier3"
"Pla2g7",6.37008486694302,2.39509366011553,0.689494154155006,3.4736968336603,0.000513340689394555,0.166533758941822,"Pla2g7"
"Rcan2",2.32402304486834,2.07022803555941,1.05198061547715,1.96793363404363,0.0490756742621786,0.999789643489582,"Rcan2"
"Ptk7",1.06312792746557,3.46043989075396,1.59632687142331,2.16775145034587,0.0301776025492623,0.999789643489582,"Ptk7"
"1600022D10Rik",25.6645202660451,-0.621676845643293,0.282349851240593,-2.20179625706109,0.0276797036005551,0.999789643489582,"1600022D10Rik"
"Epas1",9.33510065154139,1.85034601865831,0.535445930668515,3.45571030178175,0.000548844857332198,0.168159966010393,"Epas1"
"Zeb1",84.5592658902194,-0.367364207518474,0.17251113451482,-2.12951012438512,0.0332120781438027,0.999789643489582,"Zeb1"
"Gm2629",201.418495794402,-0.237408101759257,0.117538625772777,-2.01983050421407,0.043400971860693,0.999789643489582,"Gm2629"
"Aqp4",4.03720027143991,3.65821718631921,1.05614420530348,3.46374781772156,0.000532705659791098,0.167949607737266,"Aqp4"
"Cdh2",1.73288187585943,2.84713282028744,1.3352568651392,2.1322734933032,0.0329843697899751,0.999789643489582,"Cdh2"
"Ttr",7455.92283754001,1.00409889133393,0.252696534322369,3.97353645560085,7.0813313937091e-05,0.0334744651168334,"Ttr"
"Egr1",7.59149871108359,2.36552639157989,0.765393330171306,3.09060230646438,0.00199750977531908,0.446605395035868,"Egr1"
"Matr3",122.196196566824,-0.381428436441269,0.148488667632527,-2.56873768566104,0.0102069687912229,0.999789643489582,"Matr3"
"Slc12a2",305.723628722704,-0.236905162943913,0.106270409507538,-2.22926743240891,0.0257961161999822,0.999789643489582,"Slc12a2"
"Camk2a",9.68543302616649,1.11129855269026,0.477587655535682,2.32689965875223,0.0199706063817996,0.999789643489582,"Camk2a"
"Rpl17",2141.70660585319,0.192458390972491,0.0848115508989566,2.26924739534339,0.0232532855413075,0.999789643489582,"Rpl17"
"Mbp",376.480694640607,2.57538517265505,0.399277688873265,6.45011039791032,1.11768703934585e-10,1.54101100549809e-07,"Mbp"
"Tmx3",146.640196596506,-0.288382721685015,0.139370233221761,-2.06918446657222,0.0385287797942235,0.999789643489582,"Tmx3"
"Unc93b1",996.227254237607,-0.15573462657049,0.078893830701751,-1.9739772449284,0.0483843304163279,0.999789643489582,"Unc93b1"
"Gstp1",25.2702189948468,0.797128536956578,0.343940850861329,2.31763262479678,0.0204692955515095,0.999789643489582,"Gstp1"
"Cnih2",4.85683622085878,1.51716755051976,0.678664731806286,2.23551848124151,0.0253833296966471,0.999789643489582,"Cnih2"
"Cox8a",802.741805532074,0.274299267603481,0.0917293225128475,2.99031171373867,0.00278692885967019,0.523974295264128,"Cox8a"
"Plaat3",26.9927542372752,0.60915817864242,0.300263529479915,2.02874514829536,0.0424842547695901,0.999789643489582,"Plaat3"
"Asrgl1",18.4209415203792,0.844381224548161,0.340605895009476,2.47905640190012,0.0131730473806897,0.999789643489582,"Asrgl1"
"Fth1",4074.5187597492,0.463655944030375,0.190305454060331,2.43637759264317,0.0148351895376527,0.999789643489582,"Fth1"
"Ms4a6c",75.1518575810205,-0.436933503327579,0.17884309762447,-2.44311080008824,0.0145612659942581,0.999789643489582,"Ms4a6c"
"Ms4a6b",192.425676149838,-0.246409735972909,0.119618787152469,-2.05995848845072,0.039402509457253,0.999789643489582,"Ms4a6b"
"Fam111a",82.1608461479331,-0.406855336631024,0.176838927864688,-2.30071139620536,0.0214079495069701,0.999789643489582,"Fam111a"
"Rorb",1.97718723909419,2.84242691308731,1.28308230139261,2.21531144962583,0.0267386945055204,0.999789643489582,"Rorb"
"Trpm3",22.8112942885017,1.42432700524569,0.338978192182174,4.20182489049391,2.64771911937247e-05,0.016224634381488,"Trpm3"
"Il33",2.71074892927521,2.03854667103198,0.974605309017228,2.09166382757304,0.036468598465449,0.999789643489582,"Il33"
"Acta2",9.06018741773082,1.6135446956845,0.584291049324608,2.76154272352729,0.00575289892467858,0.76759445732909,"Acta2"
"Entpd1",593.560024708622,-0.228948877846155,0.0985872232691333,-2.32229765941523,0.020216913497969,0.999789643489582,"Entpd1"
"Scd2",108.933145704059,0.354498083044746,0.156362955541627,2.26714877457258,0.0233811388733831,0.999789643489582,"Scd2"
"Scd1",7.68986033287308,3.36706908636529,0.710093893938856,4.74172375668282,2.11907439938179e-06,0.00206235799633951,"Scd1"
"Pcsk1n",23.5663311582035,2.11872926078691,0.365163609019742,5.80213692836069,6.54750575775912e-09,7.73774876872319e-06,"Pcsk1n"
"Rbm3",218.077753426292,0.661580036594247,0.163727472940505,4.04073931339946,5.32829612405478e-05,0.0267141392037838,"Rbm3"
"Stag2",189.709107984285,-0.282259726504547,0.122681563656939,-2.30075096934569,0.0214057112951028,0.999789643489582,"Stag2"
"3830403N18Rik",13.6082794193408,1.0987168303008,0.487526267606296,2.25365668130127,0.024217774530212,0.999789643489582,"3830403N18Rik"
"Zfp185",1.88133895590303,3.12164441816486,1.39254081032844,2.24168971926115,0.0249814327909953,0.999789643489582,"Zfp185"
"Tmem47",7.61976524225389,1.85327548839574,0.666885852596784,2.77899955618983,0.00545265996001721,0.764527618970209,"Tmem47"
"Gspt2",1.81207519519341,2.64015933392144,1.28443112550165,2.05550868513117,0.0398298976577842,0.999789643489582,"Gspt2"
"Tsix",93.801722486508,-5.42397897021959,2.42868864546946,-2.23329531364081,0.0255294763632076,0.999789643489582,"Tsix"
"Itm2a",7.7691242196624,1.09132439172422,0.547868778473439,1.99194484994207,0.0463771092826897,0.999789643489582,"Itm2a"
"Cldn2",4.69195036893154,1.68535822445309,0.783038849182255,2.15233027864856,0.0313713506871285,0.999789643489582,"Cldn2"
"Gpm6b",43.2772736528273,1.77149361813613,0.256886703521377,6.89601133049191,5.34829315771681e-12,8.84875102944246e-09,"Gpm6b"
"mt-Nd1",2734.97487159485,0.511672446104709,0.211915335086942,2.414513540961,0.015756237297895,0.999789643489582,"mt-Nd1"
"mt-Nd2",2896.27457842998,0.664099649765135,0.266392625284045,2.49293556477786,0.0126691835116579,0.999789643489582,"mt-Nd2"
"mt-Co1",4786.33535921177,0.49537367017321,0.235531358710924,2.10321747764042,0.0354467631715443,0.999789643489582,"mt-Co1"
"mt-Co2",4656.72990145529,0.552303938952732,0.247910091366401,2.22783968134823,0.0258912076734331,0.999789643489582,"mt-Co2"
"mt-Atp6",6157.62197346285,0.640583220944233,0.300724634348824,2.13013217999691,0.0331607022468827,0.999789643489582,"mt-Atp6"
"mt-Co3",6545.57724053527,0.546951179107564,0.257044558675375,2.12784577867029,0.0333498723765541,0.999789643489582,"mt-Co3"
"mt-Nd3",773.899155967099,0.689593348844101,0.248772575586967,2.77198299377268,0.00557159472891604,0.767524475039468,"mt-Nd3"
"mt-Nd4",2675.65906357686,0.460281391172676,0.202716540583451,2.27056652529641,0.0231732318287836,0.999789643489582,"mt-Nd4"
"mt-Nd5",479.530241586823,0.434277477232163,0.121841903947307,3.56427028110112,0.000364869837284863,0.129697882347867,"mt-Nd5"
"mt-Nd6",64.5112272327471,0.533942827073489,0.188717478482468,2.82932366078159,0.00466464981303624,0.712787730880637,"mt-Nd6"
"mt-Cytb",4873.66405022774,0.228783160214882,0.100826638173847,2.26907456559655,0.0232637917865204,0.999789643489582,"mt-Cytb"
